{"cameraMode":{"drawMode":0,"name":"Shaded","section":"Shading Mode"},"sceneLighting":false,"audioPlay":false,"sceneViewState":{"showFog":true,"showMaterialUpdate":false,"showSkybox":true,"showFlares":true,"showImageEffects":true,"showParticleSystems":true},"in2DMode":false,"pivot":{"x":-0.1760946363210678,"y":2.6599998474121095,"z":5.369999885559082},"rotation":{"x":-0.2769934833049774,"y":-0.4583980143070221,"z":0.15288347005844117,"w":-0.8305480480194092},"size":22.0,"orthographic":false}