{"cameraMode":{"drawMode":0,"name":"Shaded","section":"Shading Mode"},"sceneLighting":true,"audioPlay":false,"sceneViewState":{"showFog":true,"showMaterialUpdate":false,"showSkybox":true,"showFlares":true,"showImageEffects":true,"showParticleSystems":true},"in2DMode":false,"pivot":{"x":-6.0,"y":3.9149999618530275,"z":4.369999885559082},"rotation":{"x":-0.2896314859390259,"y":-0.07637440413236618,"z":0.023191381245851518,"w":-0.9538068175315857},"size":8.872017860412598,"orthographic":false}