{"cameraMode":{"drawMode":0,"name":"Shaded","section":"Shading Mode"},"sceneLighting":false,"audioPlay":false,"sceneViewState":{"showFog":true,"showMaterialUpdate":false,"showSkybox":true,"showFlares":true,"showImageEffects":true,"showParticleSystems":true},"in2DMode":false,"pivot":{"x":0.0,"y":1.5479999780654908,"z":0.6539999842643738},"rotation":{"x":-0.0538201741874218,"y":-0.27929627895355227,"z":0.015764249488711358,"w":-0.9586077332496643},"size":2.460270404815674,"orthographic":false}